Name;Shop;Phone No;Country;City;Consent
Kareem Al Harbi;Glow Barbers;0583975334;AE;Sharjah;Yes
Daniel Darwish;Pearl Supplies;00966534863167;Saudi Arabia;Riyadh;No
Noor Mehta;Velvet Beauty Lounge;0597511436;Saudi Arabia;Riyadh;
Dina Rahman;Wellness Dental Center;055-441-8599;AE;Dubai;Yes
HASSAN MALIK;Glow Spa;(056) 3980060;United Arab Emirates;Abu Dhabi;Yes
Hana Darwish;Crescent Realty;050-739-3151;United Arab Emirates;Dubai;No
Kareem Khan;Glow Spa;(052) 3523964;United Arab Emirates;Sharjah;Yes
Bilal Hussain;Speedline Tyres;+971 52 532 1788;UAE;Abu Dhabi;Yes
Bilal Hussain;Speedline Tyres;+971525321788;UAE;Abu Dhabi;Yes
Huda Johnson;BrightSmile Physio;;Saudi Arabia;Riyadh;Yes
James Al Harbi;CarePoint Physio;97455189616;Qatar;Doha;Yes
Majid Smith;Silk Road Boutique;054-822-9670;United Arab Emirates;Sharjah;Yes
Faisal Siddiqui;Luxe Spa;0097476651356;Qatar;Doha;Yes
Michael Mehta;Summit Homes;+974 71 060 704;Qatar;Doha;Yes
Michael Malik;Serene Beauty Lounge;0569909222;UAE;Sharjah;Yes
Sara Saleh;Cedar Kitchen;(054) 7194592;KSA;Jeddah;Yes
Yusuf Smith;BrightSmile Medical Center;966557526710;KSA;Riyadh;Yes
Kareem Al Mansoori;Speedline Tyres;00966509919834;Saudi Arabia;Riyadh;Yes
Zainab Rahman;Speedline Car Wash;67944741;Qatar;Doha;
Faisal Khan;Skyline Homes;00971588008132;United Arab Emirates;Sharjah;Yes
Arjun Al Zahrani;Serene Salon;0502905301;UAE;Abu Dhabi;No
Hassan Al Harbi;Speedline Auto Service;0506744554;United Arab Emirates;Abu Dhabi;Yes
Faisal Darwish;Marina Properties;00971503708399;AE;Dubai;Yes
Lucas Al Zahrani;Palm Bistro;+971 54 586 7109;UAE;Abu Dhabi;Yes
Emma Al Harbi;Golden Bistro;0524417144;UAE;Dubai;Yes
Khalid Al Zahrani;Prime Dental Center;053-131-1073;KSA;Riyadh;Yes
HASSAN IYER;Healing Hands Dental Center;+974 38 293 246;Qatar;Doha;Yes
Layla Rahman;City Trading;(058) 1597275;Saudi Arabia;Jeddah;Yes
Priya Mehta;Speedline Car Wash;00966563682320;Saudi Arabia;Riyadh;Yes
Aisha Fernandes;Summit Properties;59654123;Qatar;Doha;Yes
Huda Brown;City Boutique;35053742;Qatar;Doha;Yes
Sara Qureshi;Marina Realty;0525500094;AE;Sharjah;Yes
Hana Brown;Skyline Properties;054432;Saudi Arabia;Riyadh;Yes
Layla Haddad;Falcon Garage;00971501487359;AE;Abu Dhabi;
Sofia Hussain;Harbor Grill;(055) 7305650;Saudi Arabia;Riyadh;Yes
James Fernandes;CarePoint Medical Center;00971545078610;UAE;Sharjah;Yes
Faisal Saleh;Serene Salon;(059) 6383791;KSA;Riyadh;Yes
Leila Al Harbi;Desert Rose Supplies;call office;UAE;Sharjah;Yes
Emma Al Harbi;Golden Bistro;0524417144;UAE;Dubai;Yes
Hana Al Mansoori;Cedar Bistro;966598023575;Saudi Arabia;Riyadh;Yes
Rahul Fernandes;AutoCare Tyres;0097477562527;Qatar;Doha;Yes
Lucas Smith;Silk Road Electronics;(052) 6521692;AE;Abu Dhabi;No
AHMED AL HARBI;Speedline Car Wash;(058) 7703332;United Arab Emirates;Abu Dhabi;Yes
Hana Siddiqui;Summit Realty;0503459526;UAE;Dubai;Yes
Reem Brown;Silk Road Electronics;0508432417;UAE;Sharjah;Yes
Dina Nasser;Velvet Beauty Lounge;(052) 9776536;AE;Sharjah;Yes
Arjun Smith;Express Tyres;;United Arab Emirates;Dubai;Yes
Dina Qureshi;Olive Grill;97436757323;Qatar;Doha;
Tariq Fernandes;CarePoint Clinic;050-441-8854;KSA;Riyadh;No
Lucas Fernandes;AutoCare Tyres;00971553163154;AE;Dubai;Yes
Olivia Al Zahrani;Modern Trading;052-544-7923;United Arab Emirates;Abu Dhabi;Yes
Emma Mehta;Crescent Realty;966551194591;Saudi Arabia;Riyadh;Yes
Sanjay Khan;Skyline Homes;+971 52 861 2405;AE;Sharjah;Yes
Ahmed Malik;Velvet Salon;97459802342;Qatar;Doha;Yes
Nadia Qureshi;Speedline Auto Service;0561349630;AE;Abu Dhabi;Yes
Arjun Smith;AutoCare Car Wash;058-153-5313;AE;Sharjah;Yes
Michael Fernandes;Al Noor Electronics;0500;UAE;Dubai;Yes
Hana Fernandes;Marina Realty;054-760-0453;Saudi Arabia;Jeddah;Yes
Kareem Al Harbi;Glow Barbers;058-397-5334;AE;Sharjah;Yes
Huda Al Harbi;Glow Salon;055-992-4977;UAE;Dubai;Yes
Khalid Al Harbi;City Supplies;+974 34 096 221;Qatar;Doha;Yes
Dina Saleh;Summit Realty;056-829-0643;United Arab Emirates;Dubai;Yes
Aisha Malik;City Store;966589702053;Saudi Arabia;Riyadh;Yes
Emma Mehta;Crescent Realty;966551194591;Saudi Arabia;Riyadh;Yes
